{"cameraMode":{"drawMode":0,"name":"Shaded","section":"Shading Mode"},"sceneLighting":true,"audioPlay":false,"sceneViewState":{"showFog":true,"showMaterialUpdate":true,"showSkybox":true,"showFlares":true,"showImageEffects":true,"showParticleSystems":true},"in2DMode":false,"pivot":{"x":-10.732894897460938,"y":2.8890042304992677,"z":-4.572893142700195},"rotation":{"x":0.06059183180332184,"y":0.19401384890079499,"z":-0.012010429985821247,"w":0.9790659546852112},"size":6.636002063751221,"orthographic":false}