{"cameraMode":{"drawMode":0,"name":"Shaded","section":"Shading Mode"},"sceneLighting":true,"audioPlay":false,"sceneViewState":{"showFog":true,"showMaterialUpdate":true,"showSkybox":true,"showFlares":true,"showImageEffects":true,"showParticleSystems":true},"in2DMode":false,"pivot":{"x":-6.122007369995117,"y":0.7578922510147095,"z":-0.13765835762023927},"rotation":{"x":0.05544139817357063,"y":0.03294329345226288,"z":-0.0018302337266504765,"w":0.9979182481765747},"size":1.1396746635437012,"orthographic":false}