{"cameraMode":{"drawMode":0,"name":"Shaded","section":"Shading Mode"},"sceneLighting":false,"audioPlay":false,"sceneViewState":{"showFog":true,"showMaterialUpdate":false,"showSkybox":false,"showFlares":true,"showImageEffects":true,"showParticleSystems":true},"in2DMode":false,"pivot":{"x":-6.769999980926514,"y":1.6599998474121094,"z":0.0},"rotation":{"x":0.12057147175073624,"y":0.10107266902923584,"z":-0.012341095134615898,"w":0.9874694347381592},"size":1.0606601238250733,"orthographic":false}